{"champ": "Alistar", "tip_0": "Don't stand too close to enemy tower when pushing so that Alistar won't be able to use Flash pulverize into headbutt combo.\n", "tip_1": "Punish him hard for messing up a Headbutt - Pulverize combo.", "tip_2": "Unless it's a certain victory, try not to dive an alistar because of his ultimate and his insane CC.\n", "goes_well_with": ["Tristana", "Ezreal", "Ashe", "Corki", "Gnar"], "strong_aginst": ["Blitzcrank", "Leona", "Thresh", "Katarina", "Braum"], "weak_against": ["Janna", "Vayne", "Lulu", "Morgana", "Soraka"], "goes_even": ["Vayne", "Kennen", "Tryndamere", "Katarina", "Aatrox"]}