{"champ": "Anivia", "tip_0": "Punish her for missing her stun.\n", "tip_1": "Avoid fighting in small pathways in the jungle because of her wall and AOE abilities.\n", "tip_2": "Try to CC(silence, stun, knock-up, displacement) her during her ultimate to interrupt it.\n", "goes_well_with": ["Jarvan IV", "Dr. Mundo", "Trundle", "Maokai", "Ashe"], "strong_aginst": ["Ryze", "Kayle", "Lissandra", "Karthus", "Akali"], "weak_against": ["Fizz", "Orianna", "Kassadin", "Diana", "LeBlanc"], "goes_even": ["Janna", "Tryndamere", "Akali", "Azir", "Ryze"]}