{"champ": "AurelionSol", "tip_0": "Aurelion Sol is very vulnerable when his Q and R is in cooldown, use this is your favor", "tip_1": "The best way to kill Aurelion Sol is to get right on top of him. This way, his stars can't hit you. Because of this, melee assassins are one of his biggest counters.", "goes_well_with": ["Gnar", "Alistar", "Aatrox", "Ahri", "Akali"], "strong_aginst": ["Aatrox", "Brand", "Darius", "Amumu", "Annie"], "weak_against": ["Ahri", "Kassadin", "Fizz", "Ekko", "Katarina"], "goes_even": ["Aatrox", "Aatrox", "Aatrox", "Aatrox", "Ahri"]}