{"champ": "Blitzcrank", "tip_0": "Stay behind minions to avoid getting hooked.\n", "tip_1": "Punish if he misses his/a hook, as it has a long cooldown.\n", "tip_2": "Picking a tanky/CC support (e.g. Taric, Leona, Thresh) does well against a Blitzcrank.\n", "goes_well_with": ["Graves", "Miss Fortune", "Tristana", "Alistar", "Corki"], "strong_aginst": ["Sona", "Kog'Maw", "Draven", "Varus", "Soraka"], "weak_against": ["Leona", "Alistar", "Morgana", "Thresh", "Ezreal"], "goes_even": ["Vayne", "Volibear", "Janna", "Twitch", "Jayce"]}