{"champ": "Brand", "tip_0": "Pick a water type Pok\u00c3\u00a9mon", "tip_1": "Run away from the initial target that Brand uses his ultimate on, as it will bounce to multiple targets.", "tip_2": "Avoid clumping together to avoid the large amount of AOE damage he posseses.\n", "goes_well_with": ["Jarvan IV", "Sona", "Malphite", "Galio", "Caitlyn"], "strong_aginst": ["Annie", "Viktor", "Ryze", "Lissandra", "Heimerdinger"], "weak_against": ["Kassadin", "LeBlanc", "Fizz", "Lux", "Zed"], "goes_even": ["Akali", "Ahri", "Veigar", "Teemo", "Nunu"]}