{"champ": "Caitlyn", "tip_0": "Stay behind minions so her Piltover Peacemaker will do less damage.\n", "tip_1": "Her ultimate can be blocked by a teammate standing in its path.\n", "tip_2": "Her net can be interrupted by an instant stun, knock-up, or a displacement ability.", "goes_well_with": ["Nunu", "Blitzcrank", "Soraka", "Lulu", "Alistar"], "strong_aginst": ["Vayne", "Quinn", "Graves", "Ezreal", "Corki"], "weak_against": ["Sivir", "Jinx", "Varus", "Tristana", "Lucian"], "goes_even": ["Ashe", "Morgana", "Vi", "Dr. Mundo", "Udyr"]}