{"champ": "Corki", "tip_0": "Avoid extended fights because his Gatling gun will tear your armor.", "tip_1": "His Valkyrie can be interrupted mid-flight by knock-ups (e.g. Alistar's Pulverize) and displacements (e.g. Alistar's Headbutt)\n", "tip_2": "Stop him from backing in lane will immensely help you because Corki's abilities cost a LOT of mana.\n", "goes_well_with": ["Leona", "Sona", "Taric", "Soraka", "Janna"], "strong_aginst": ["Jinx", "Tristana", "Vayne", "Twitch", "Graves"], "weak_against": ["Caitlyn", "Draven", "Lucian", "Varus", "Ashe"], "goes_even": ["Varus", "Blitzcrank", "Lucian", "Shaco", "Ryze"]}