{"champ": "Diana", "tip_0": "Dodging her Crescent Strike will lower her damage output significantly after level 6.\n", "tip_1": "Her Shield lasts for only a short while, so wait until it wears out and harass her after.", "tip_2": "By using a knock-up (e.g. Blitzcrank's Power Fist) and/or displacement (Tristana's Buster Shot) while she is using her ultimate on a marked target will deny her a reset on her ultimate.\n", "goes_well_with": ["Akali", "Kassadin", "Leona", "Katarina", "Orianna"], "strong_aginst": ["Katarina", "Fizz", "Ahri", "Akali", "LeBlanc"], "weak_against": ["Mordekaiser", "Syndra", "Cho'Gath", "Irelia", "Riven"], "goes_even": ["LeBlanc", "Annie", "Ryze", "Malzahar", "Zed"]}