{"champ": "Draven", "tip_0": "Punish Draven for moving to catch axes with a skillshot harass, or CC from a support.\n", "tip_1": "Preventing Draven from catching axes will significantly lower his damage output.", "tip_2": "Try to play safe, Draven can snowball out of control with stacks + early kills. ", "goes_well_with": ["Leona", "Taric", "Blitzcrank", "Janna", "Sona"], "strong_aginst": ["Ezreal", "Vayne", "Jinx", "Lucian", "Tristana"], "weak_against": ["Varus", "Caitlyn", "Thresh", "Blitzcrank", "Quinn"], "goes_even": ["Caitlyn", "Kog'Maw", "Graves", "Ezreal", "Braum"]}