{"champ": "DrMundo", "tip_0": "Ignite significantly lowers Mundo's Health regen from his passive and ultimate.\n", "tip_1": "If Mundo can't be bursted by your team when he turns on his ultimate, ignore him until his ultimate ends.", "tip_2": "Mundo ganks can easily be averted by dodging the first Cleaver.\n", "goes_well_with": ["Jax", "Aatrox", "Janna", "Blitzcrank", "Gnar"], "strong_aginst": ["Jax", "Nasus", "Maokai", "Singed", "Renekton"], "weak_against": ["Riven", "Kog'Maw", "Olaf", "Darius", "Fizz"], "goes_even": ["Zac", "Renekton", "Gnar", "Master Yi", "Jax"]}