{"champ": "Elise", "tip_0": "Stay behind minions so that she won't be able to stun you.\n", "tip_1": "When at low health, Play very defensively as her Spider form's Bite deals more damage the lower your health is.\n", "tip_2": "Try to read where the Elise will land after she uses Rappel - she can't go anywhere if there are no minions/targets to jump to.\n", "goes_well_with": ["Rengar", "Karma", "Blitzcrank", "Leona", "Ahri"], "strong_aginst": ["Renekton", "Garen", "Pantheon", "Singed", "Darius"], "weak_against": ["Kassadin", "Yorick", "Mordekaiser", "Gangplank", "Malzahar"], "goes_even": ["Cho'Gath", "Nidalee", "Tryndamere", "Evelynn", "Akali"]}