{"champ": "Ezreal", "tip_0": "Focus him if he uses his Arcane Shift to enter teamfights.\n", "tip_1": "Stay behind minions so you won't get hit by his Mystic Shots.\n", "tip_2": "Ezreal's ultimate is a narrow AOE skillshot, so don't be clumped together in narrow jungle paths.", "goes_well_with": ["Sona", "Leona", "Taric", "Soraka", "Blitzcrank"], "strong_aginst": ["Jinx", "Ashe", "Lucian", "Blitzcrank", "Nami"], "weak_against": ["Draven", "Graves", "Caitlyn", "Miss Fortune", "Vayne"], "goes_even": ["Annie", "Graves", "Karma", "Ryze", "Braum"]}