{"champ": "Fiora", "tip_0": "Punish her when her Lunge is on cooldown, which is her main mobility skill.\n", "tip_1": "U cant have more AD than her. Items like Thormail will be extrimely efective against her, so be tanky.", "tip_2": "CC her when she activates her Burst of Speed, as it will go on a long cooldown after 3 seconds if she does not get any kills.", "goes_well_with": ["Darius", "Ahri", "Amumu", "Blitzcrank", "Nautilus"], "strong_aginst": ["Yasuo", "Gangplank", "Riven", "Rengar", "Aatrox"], "weak_against": ["Jax", "Pantheon", "Darius", "Renekton", "Singed"], "goes_even": ["Riven", "Tryndamere", "Garen", "Rumble", "Teemo"]}