{"champ": "Fizz", "tip_0": "Throw salt at him, this will demoralize him and make him all dried up", "tip_1": "Buying a Quicksilver Sash and using it will drop the fish from his ultimate, allowing you to avoid the shark.", "tip_2": "Focus him after he uses Playful/Trickster to enter a fight.\n", "goes_well_with": ["Malphite", "Aatrox", "Talon", "Jarvan IV", "Leona"], "strong_aginst": ["Twisted Fate", "Anivia", "Veigar", "Katarina", "Syndra"], "weak_against": ["Ryze", "Diana", "Mordekaiser", "Akali", "Annie"], "goes_even": ["LeBlanc", "Zilean", "Jax", "Lee Sin", "Kha'Zix"]}