{"champ": "Garen", "tip_0": "Avoid staying in lane with low health, as Garen's ultimate will deal massive damage to a lower health target.\n", "tip_1": "Poke down his passive so he has no regen", "tip_2": "Try your best to keep your distance against him, because his spin deals a ton of damage if he catches you with it.", "goes_well_with": ["Lux", "Xin Zhao", "Jarvan IV", "Aatrox", "Alistar"], "strong_aginst": ["Riven", "Renekton", "Jax", "Nasus", "Akali"], "weak_against": ["Teemo", "Pantheon", "Darius", "Jayce", "Yorick"], "goes_even": ["Cho'Gath", "Yasuo", "Trundle", "Kha'Zix", "Fizz"]}