{"champ": "Heimerdinger", "tip_0": "Killing his turrets first when cast will greatly lower his damage output.", "tip_1": "Dont gank a heimer when low on health, heimer is good at turning around ganks for kills, if your gonna kill him be sure you can take him", "tip_2": "Avoid being in the center of his grenade, as it will stun you instead of a blind.\n", "goes_well_with": ["Blitzcrank", "Skarner", "Amumu", "Shaco", "Ahri"], "strong_aginst": ["Kassadin", "Katarina", "Diana", "LeBlanc", "Fizz"], "weak_against": ["Syndra", "Lux", "Ziggs", "Xerath", "Vel'Koz"], "goes_even": ["Malzahar", "Zed", "Tryndamere", "Malphite", "Corki"]}