{"champ": "Jinx", "tip_0": "Her base auto attack range is low in minigun stance, which makes her easier to harass.\n", "tip_1": "Learning her W animation will help you predict when she's about to use it.\n", "tip_2": "Her rockets deal splash damage, so hiding behind minions isn't always safe.\n", "goes_well_with": ["Leona", "Blitzcrank", "Thresh", "Nami", "Morgana"], "strong_aginst": ["Caitlyn", "Caitlyn", "Twitch", "Ashe", "Kog'Maw"], "weak_against": ["Ezreal", "Corki", "Sivir", "Lucian", "Draven"], "goes_even": ["Vayne", "Ashe", "Thresh", "Graves", "Janna"]}