{"champ": "Karthus", "tip_0": "Buying a hexdrinker or a Banshee's Veil will greatly increase your chance to survive Requiem.", "tip_1": "Well timed Zhonya's Hourglass can save you from Karthus's Requiem", "tip_2": "Step away from his corpse when he dies, as his defile will do massive damage to you if you stand in it.\n", "goes_well_with": ["Amumu", "Soraka", "Nocturne", "Shen", "Aatrox"], "strong_aginst": ["Heimerdinger", "Yasuo", "Annie", "Teemo", "Karma"], "weak_against": ["Kassadin", "Fizz", "Katarina", "Soraka", "LeBlanc"], "goes_even": ["Cassiopeia", "Urgot", "Azir", "Swain", "Swain"]}