{"champ": "Katarina", "tip_0": "Save a disable (stun/snare/silence/knock-up/displacement) for her to stop her from channeling her ultimate and dealing massive AOE damage. \n", "tip_1": "Katarina is weak at farming under tower at earlier levels, so try to pick something that pushes hard.", "tip_2": "Zhonya's Hourglass active, can counter Katarina's Ultimate.", "goes_well_with": ["Morgana", "Jarvan IV", "Malphite", "Sejuani", "Sona"], "strong_aginst": ["Karthus", "Lux", "Vel'Koz", "Morgana", "Akali"], "weak_against": ["Diana", "Malzahar", "Fizz", "Fiddlesticks", "LeBlanc"], "goes_even": ["Akali", "Brand", "Anivia", "Jax", "Sejuani"]}