{"champ": "Kled", "tip_0": "Don't let his second proc of his Q go off. Get out of range before it goes off.", "tip_1": "", "tip_2": "if he gets back on Skaarl, knock him off again quickly as Skaarl has a cooldown before returning in lane. there is also a 1 second period between him getting 100 courage and mounting Skaarl, use that time to kill him.", "goes_well_with": ["Aatrox", "Aatrox", "Aatrox", "Aatrox", "Aurelion Sol"], "strong_aginst": ["Gnar", "Illaoi", "Riven", "Jarvan IV", "Aatrox"], "weak_against": ["Darius", "Garen", "Jax", "Garen", "Fiora"], "goes_even": ["Aatrox", "Aatrox", "Aatrox", "Aatrox", "Aatrox"]}