{"champ": "LeeSin", "tip_0": "It's usually not worth chasing a Lee Sin because of how mobile his skills make him.", "tip_1": "Don't clump together so his ultimate will not be able to knock-up multiple allies.\n", "tip_2": "Try to put wards in your jungle, because lee sin can make counter jungle so hard.", "goes_well_with": ["Teemo", "Yasuo", "Aatrox", "Warwick", "Riven"], "strong_aginst": ["Akali", "Kha'Zix", "Shaco", "Talon", "Rengar"], "weak_against": ["Trundle", "Renekton", "Udyr", "Udyr", "Garen"], "goes_even": ["Jax", "Xin Zhao", "Master Yi", "Fiora", "Kha'Zix"]}