{"champ": "Leona", "tip_0": "If she activates her Eclipse, it means she's about to engage.\n", "tip_1": "If possible, Punish her for missing her Zenith blade.\n", "tip_2": "Only the center of her ultimate stuns, and it can easily be dodged with proper reaction.", "goes_well_with": ["Tristana", "Caitlyn", "Twitch", "Kennen", "Urgot"], "strong_aginst": ["Blitzcrank", "Sona", "Varus", "Draven", "Caitlyn"], "weak_against": ["Morgana", "Alistar", "Janna", "Lulu", "Thresh"], "goes_even": ["Thresh", "Kassadin", "Sion", "Morgana", "Lux"]}