{"champ": "Lux", "tip_0": "Lux is very vulnerable once she misses her Light binding.\n", "tip_1": "Always be prepared to dodge her ultimate by side stepping away from the red line.", "tip_2": "Stay away from blindspots where the Lux can throw out bindings where you can't see.\n", "goes_well_with": ["Ezreal", "Vayne", "Amumu", "Miss Fortune", "Warwick"], "strong_aginst": ["Karthus", "Ryze", "Annie", "Malzahar", "Brand"], "weak_against": ["Talon", "Fizz", "Katarina", "Zed", "Gragas"], "goes_even": ["Ahri", "Akali", "Kayle", "Brand", "Morgana"]}