{"champ": "MasterYi", "tip_0": "Although Master Yi cannot be slowed during his ultimate, he can still be disabled.", "tip_1": "It's good to pick a champion with a disable (silence/stun/knock-up/displacements) so that you can stop Master Yi from casting his Meditate.\n", "tip_2": "If he is doing lots of damage in short periods of time, consider getting Thornmail.", "goes_well_with": ["Darius", "Morgana", "Amumu", "Lux", "Jax"], "strong_aginst": ["Lux", "Karthus", "Ashe", "Master Yi", "Twisted Fate"], "weak_against": ["Jax", "Teemo", "Rammus", "Tryndamere", "Cho'Gath"], "goes_even": ["Master Yi", "Tryndamere", "Anivia", "Master Yi", "Brand"]}