{"champ": "Morgana", "tip_0": "A Quicksilver Sash will get rid of Morgana's ultimate chains.", "tip_1": "Try to stay behind minions so Morgana can't hit you with her Dark Binding.\n", "tip_2": "Bait her shield out with poking, engage only while it is on cooldown.", "goes_well_with": ["Amumu", "Draven", "Caitlyn", "Tristana", "Fiora"], "strong_aginst": ["Leona", "Braum", "LeBlanc", "Blitzcrank", "Thresh"], "weak_against": ["Talon", "Karma", "Katarina", "Vladimir", "Mordekaiser"], "goes_even": ["Fizz", "Azir", "Kayle", "Kassadin", "Ashe"]}