{"champ": "Nasus", "tip_0": "Don't let him free farm, his Q will get stronger in late game.", "tip_1": "Avoid standing in his Spirit fire as it will shred your armor.\n", "tip_2": "Try to avoid fighting him while his ultimate is active, unless you have the clear advantage. ", "goes_well_with": ["Kayle", "Lulu", "Malphite", "Blitzcrank", "Ahri"], "strong_aginst": ["Jax", "Irelia", "Hecarim", "Tryndamere", "Aatrox"], "weak_against": ["Teemo", "Riven", "Darius", "Garen", "Pantheon"], "goes_even": ["Jax", "Fiora", "Renekton", "Ezreal", "Shyvana"]}