{"champ": "Nautilus", "tip_0": "Nautilus loses his AOE cleave on his auto attacks if you pop his shield, so try to take it down as soon as possible.\n", "tip_1": "Nautilus's Riptide will hit you multiple times if you move away from him, so stay still if you can.\n", "tip_2": "Nautilus's ultimate will knock-up any targets in its way to its target, so try not to get in the way.", "goes_well_with": ["Ezreal", "Vayne", "Shyvana", "Graves", "Ashe"], "strong_aginst": ["Katarina", "Anivia", "Jax", "Tryndamere", "Thresh"], "weak_against": ["Shyvana", "Morgana", "Yorick", "Olaf", "Vi"], "goes_even": ["Gnar", "Rumble", "Amumu", "Warwick", "Jhin"]}