{"champ": "Nunu", "tip_0": "It's imperative to disable (silence/stun/knock-up/displacement) him when he starts channeling his ultimate - otherwise you will take tons of damage. \n", "tip_1": "If you're brush checking and you're suddenly slowed, Nunu might be channeling his ultimate inside a brush.\n", "tip_2": "Fight Nunu away from minions and jungle monsters to deny him his heal.", "goes_well_with": ["Kog'Maw", "Ezreal", "Sivir", "Gangplank", "Jarvan IV"], "strong_aginst": ["Heimerdinger", "Yorick", "Jax", "Renekton", "Tryndamere"], "weak_against": ["Cassiopeia", "Sona", "Soraka", "Sivir", "Riven"], "goes_even": ["Gnar", "Twitch", "Maokai", "Warwick", "Vayne"]}