{"champ": "Olaf", "tip_0": "Don't blow your CC abilities when Olaf activates his ultimate, as he can't be disabled during the duration.\n", "tip_1": "Olaf becomes stronger with lower health. Be cautious when fighting an Olaf with low hp.\n", "tip_2": "Stacking health will help with Olaf's true damage.", "goes_well_with": ["Tryndamere", "Dr. Mundo", "Amumu", "Nunu", "Orianna"], "strong_aginst": ["Irelia", "Riven", "Nasus", "Shyvana", "Poppy"], "weak_against": ["Kennen", "Kayle", "Volibear", "Yorick", "Pantheon"], "goes_even": ["Garen", "Fiora", "Xin Zhao", "Kennen", "Singed"]}