{"champ": "Orianna", "tip_0": "Try not to stand next to her ball, because she can cast Dissonance and do damage around it.\n", "tip_1": "Orianna's ball, when on the field, has most mobility moving from side to side, as she can move it with less range requirement. to avoid being hit by the ball so much, try staying behind it (ball in front of you). this way she must come closer to hit you.", "tip_2": "With proper reaction speed, you can Flash away from Orianna's ultimate.\n", "goes_well_with": ["Malphite", "Jarvan IV", "Amumu", "Riven", "Jax"], "strong_aginst": ["Annie", "Ryze", "Lux", "Anivia", "Fizz"], "weak_against": ["LeBlanc", "Syndra", "Ahri", "Diana", "Zed"], "goes_even": ["Katarina", "Fizz", "Kassadin", "Lux", "Akali"]}