{"champ": "Poppy", "tip_0": "Avoid diving a Poppy due to her passive making her deceptively tanky.\n", "tip_1": "Don't be next to a wall when targetted by a Poppy as her Heroic Charge will stun you.", "tip_2": "Save a disable for when she starts channeling her ultimate otherwise she will send you and your teammates far away.", "goes_well_with": ["Sion", "Vayne", "Cho'Gath", "Shen", "Jax"], "strong_aginst": ["Gangplank", "Riven", "Nasus", "Jax", "Tryndamere"], "weak_against": ["Olaf", "Darius", "Teemo", "Kennen", "Renekton"], "goes_even": ["Fizz", "Hecarim", "Maokai", "Lee Sin", "Shyvana"]}