{"champ": "RekSai", "tip_0": "If u kill her, she will die.", "tip_1": "Destroy any of her tunnels you find; this will give her less map presence, as well as anyone with teleport.", "tip_2": "Watch out for her fury bar, when she reaches Max her E does true damage", "goes_well_with": ["Aatrox", "Akali", "Amumu", "Anivia", "Annie"], "strong_aginst": ["Evelynn", "Rengar", "Shaco", "Rammus", "Pantheon"], "weak_against": ["Fizz", "Darius", "Irelia", "Gangplank", "Kennen"], "goes_even": ["Akali", "Alistar", "Amumu", "Anivia", "Annie"]}