{"champ": "Rengar", "tip_0": "Avoid dueling a Rengar when his resource bar is near full, as his skills will become empowered.\n", "tip_1": "It's generally not a good idea to fight a Rengar near brushes, as he is able to leap onto any targets inside a brush.", "tip_2": "Using exhaust on Rengar when he comes out of his ult will reduce his damage by 50% preventing him from 1 shotting your carrys.", "goes_well_with": ["Orianna", "Shen", "Nocturne", "Zilean", "Evelynn"], "strong_aginst": ["Kha'Zix", "Yorick", "Aatrox", "Kha'Zix", "Nasus"], "weak_against": ["Jax", "Fiora", "Lee Sin", "Pantheon", "Riven"], "goes_even": ["Riven", "Master Yi", "Volibear", "Singed", "Tryndamere"]}