{"champ": "Shaco", "tip_0": "Always keep an eye out for a puff of smoke in the fog of war - this means Shaco is nearby.\n", "tip_1": "If he uses his Deceive to enter fights, he won't be able to use it again for a while. Try turning and focusing him if possible. ", "tip_2": "It's usually a great idea to buy pink wards so that Shaco can't sneak in whereever he wants.\n", "goes_well_with": ["Blitzcrank", "Teemo", "Singed", "Orianna", "Urgot"], "strong_aginst": ["Amumu", "Nautilus", "Kha'Zix", "Maokai", "Miss Fortune"], "weak_against": ["Lee Sin", "Udyr", "Vi", "Warwick", "Shyvana"], "goes_even": ["Blitzcrank", "Udyr", "Maokai", "Fiddlesticks", "Zac"]}