{"champ": "Singed", "tip_0": "Do not chase singed, as his poison will continuously reset against you.\n", "tip_1": "Don't waste your time with trying to kill a Singed unless you're certain you're able to take him down. ", "tip_2": "Always try to stay away from singed to avoid his use of fling.\n", "goes_well_with": ["Volibear", "Teemo", "Zilean", "Sion", "Karma"], "strong_aginst": ["Jax", "Fiora", "Zed", "Irelia", "Pantheon"], "weak_against": ["Teemo", "Jayce", "Vladimir", "Kayle", "Elise"], "goes_even": ["Riven", "Nasus", "Garen", "Lee Sin", "Trundle"]}