{"champ": "Soraka", "tip_0": "Always keep in mind that Soraka is able to cure all her allies in an instant. Don't get baited by this!\n", "tip_1": "Soraka is usually really squishy, especially after she uses her burst healing on her allies. If possible, try to target her before she's able to heal anything\n", "tip_2": "While Soraka no longer shreds magic resist with her Q, you still want to avoid getting hit by it as it will give her more health to use on her teammates.  Always be aware of where she's aiming.", "goes_well_with": ["Ezreal", "Sona", "Aatrox", "Ahri", "Anivia"], "strong_aginst": ["Karthus", "Yasuo", "Urgot", "Lulu", "Braum"], "weak_against": ["Gnar", "Miss Fortune", "Blitzcrank", "Tristana", "Zac"], "goes_even": ["Zyra", "Draven", "Kha'Zix", "Kennen", "Rammus"]}