{"champ": "Talon", "tip_0": "Talon is very vulnerable when his Cutthroat is on cooldown. Try to take advantage of the situation when it is on cooldown.\n", "tip_1": "Talon only deals Physical damage, so building armor will lower his damage output significantly.\n", "tip_2": "Make sure someone on your team carries a Pink ward for a teamfight to detect him during his ultimate. ", "goes_well_with": ["Sion", "Sejuani", "Amumu", "Jax", "Alistar"], "strong_aginst": ["Kassadin", "Lux", "Ahri", "LeBlanc", "Morgana"], "weak_against": ["Lee Sin", "Diana", "Kayle", "Riven", "Pantheon"], "goes_even": ["LeBlanc", "Jayce", "Xerath", "Azir", "Renekton"]}