{"champ": "Taric", "tip_0": "When his stun is down or if he accidentally stuns a minion, punish him hard.", "tip_1": "Taric is able to provide a lot of armor for his team, making him weaker against Magic damage.\n", "tip_2": "Taking cleanse or buying a Quicksilver Sash later will help you escape from his Flash + Stun initiates.\n", "goes_well_with": ["Caitlyn", "Sivir", "Kog'Maw", "Ahri", "Aatrox"], "strong_aginst": ["Miss Fortune", "Zed", "Blitzcrank", "Vayne", "Draven"], "weak_against": ["Sivir", "Lulu", "Nami", "Morgana", "Varus"], "goes_even": ["Tristana", "Leona", "Sion", "Nautilus", "Tristana"]}