{"champ": "Teemo", "tip_0": "Avoid fighting a Teemo if you're an auto-attack based champion. His blind will mess you up.\n", "tip_1": "Teemo is weak against gap closers, as his Move Quick is on a long cooldown.", "tip_2": "As a jungler, consider a red trinket, as most Teemo's will protect themselves from ganks with their shrooms.", "goes_well_with": ["Cassiopeia", "Volibear", "Blitzcrank", "Jax", "Darius"], "strong_aginst": ["Darius", "Nasus", "Garen", "Tryndamere", "Singed"], "weak_against": ["Yorick", "Pantheon", "Akali", "Rumble", "Jayce"], "goes_even": ["Jax", "Renekton", "Riven", "Malphite", "Irelia"]}