{"champ": "Thresh", "tip_0": "disable (silence/stun/knock-up) or standing on the lantern will prevent the enemy from clicking on the lantern.", "tip_1": "A tank should try to break the box so that his allies can leave the box without being slowed.\n", "tip_2": "All of Thresh's abilities have a long cooldown. Try to take advantage of the situation if he misses a couple abilities. \n", "goes_well_with": ["Draven", "Vayne", "Caitlyn", "Ezreal", "Miss Fortune"], "strong_aginst": ["Blitzcrank", "Draven", "Leona", "Sona", "Caitlyn"], "weak_against": ["Lulu", "Morgana", "Alistar", "Lucian", "Janna"], "goes_even": ["Taric", "Jayce", "Draven", "Morgana", "Kalista"]}