{"champ": "Trundle", "tip_0": "Try your best move him out of his Frozen domain during a fight, as it gives him a massive bonus to his movespeed, attackspeed, and healing. \n", "tip_1": "Use defensive steroids AFTER he ults, otherwise he will steal them.", "tip_2": "Get away from Trundle's pillar immediately as it will continuously slow you as long as you stand near it. ", "goes_well_with": ["Vayne", "Jarvan IV", "Aatrox", "Blitzcrank", "Nunu"], "strong_aginst": ["Lee Sin", "Renekton", "Dr. Mundo", "Yorick", "Nasus"], "weak_against": ["Sona", "Jax", "Kennen", "Teemo", "Darius"], "goes_even": ["Irelia", "Cho'Gath", "Olaf", "Gragas", "Ryze"]}