{"champ": "TwistedFate", "tip_0": "Twisted Fate is vulnerable when his Pick-a-card is on cooldown.", "tip_1": "Twisted Fate's Wild Cards are rather slow moving projectiles, so try your best to dodge them.\n", "tip_2": "Always keep an eye out on Twisted Fate and ward areas where he will move in order to gank other lanes.\n", "goes_well_with": ["Shen", "Aatrox", "Rammus", "Teemo", "Taric"], "strong_aginst": ["Ryze", "Lissandra", "Evelynn", "Ziggs", "Evelynn"], "weak_against": ["Fizz", "Diana", "Ahri", "LeBlanc", "Kassadin"], "goes_even": ["Katarina", "Talon", "Malzahar", "Ezreal", "Annie"]}