{"champ": "Twitch", "tip_0": "Be careful in lane when you see the enemy support alone, Twitch might be trying a sneaky engage if the support is walking towards you.", "tip_1": "Buying a pink ward for lane will deny him from ambushing you. \n", "tip_2": "Avoid clumping against a Twitch - his ultimate deals massive damage to targets in a line.", "goes_well_with": ["Taric", "Blitzcrank", "Alistar", "Lulu", "Nunu"], "strong_aginst": ["Ezreal", "Vayne", "Sivir", "Tristana", "Vayne"], "weak_against": ["Caitlyn", "Jinx", "Lee Sin", "Draven", "Corki"], "goes_even": ["Miss Fortune", "Graves", "Shen", "Blitzcrank", "Braum"]}