{"champ": "Urgot", "tip_0": "Save your dash/jump ability for when he throws out his grenade.\n", "tip_1": "Destroying Urgot's shield will prevent him from applying a slow to his auto attacks and Acid Hunters. ", "tip_2": "When you get hit by his grenade, move away as fast as you can to prevent getting hit by more Acid Hunters.\n", "goes_well_with": ["Soraka", "Taric", "Janna", "Alistar", "Blitzcrank"], "strong_aginst": ["Graves", "Vayne", "Corki", "Draven", "Jinx"], "weak_against": ["Soraka", "Bard", "Sivir", "Nami", "Twitch"], "goes_even": ["Bard", "Braum", "Janna", "Ezreal", "Azir"]}