{"champ": "Volibear", "tip_0": "Taking Ignite will cut down Volibear's healing in half.\n", "tip_1": "Avoid fighting him with low health, as his bite deals additional damage the lower your health is. ", "tip_2": "Don't get baited by Volibear's passive as it will let him quickly heal for 30% of his maximum health.\n", "goes_well_with": ["Fiora", "Xin Zhao", "Blitzcrank", "Aatrox", "Miss Fortune"], "strong_aginst": ["Olaf", "Riven", "Nasus", "Xin Zhao", "Renekton"], "weak_against": ["Teemo", "Renekton", "Kayle", "Darius", "Elise"], "goes_even": ["Kennen", "Singed", "Malphite", "Yorick", "Sion"]}