{"champ": "Warwick", "tip_0": "A Quicksilver Sash and will stop Warwick's ultimate immediately.\n", "tip_1": "Do not fight Warwick for long periods of time, as he excels at long trades.", "tip_2": "Try to save a disable (silence/stun/knock-up/displacement) for when he uses his ultimate. \n", "goes_well_with": ["Veigar", "Ahri", "Caitlyn", "Aatrox", "Annie"], "strong_aginst": ["Cho'Gath", "Shen", "Malphite", "Renekton", "Singed"], "weak_against": ["Yorick", "Udyr", "Lee Sin", "Kayle", "Olaf"], "goes_even": ["Amumu", "Renekton", "Nunu", "Fizz", "Irelia"]}