{"champ": "Yasuo", "tip_0": "Yasuo's shield from Resolve lasts only 2 seconds. Dealing damage to him will trigger it. Wait it out, then engage.\n", "tip_1": "Yasuo is at his weakest just after he has launched a whirlwind. Engage at that point.\n", "tip_2": "Fighting Yasuo away from minions and neutral monsters will limit his mobility. His skirmish potential is very good as well because of this, so be careful when initiating 2v2 and 3v3's. ", "goes_well_with": ["Malphite", "Cho'Gath", "Janna", "Alistar", "Vi"], "strong_aginst": ["Vel'Koz", "Nidalee", "Ahri", "Lux", "Ziggs"], "weak_against": ["Jax", "Riven", "Fiora", "Akali", "Darius"], "goes_even": ["Katarina", "Ryze", "Heimerdinger", "Teemo", "Sejuani"]}