{"champ": "Yorick", "tip_0": "Running into a brush after he spawns a ghoul will remove the ghoul's agro from you, and it will start to attack lane minions pushing the lane towards you.", "tip_1": "If he casts his ultimate on his ally, killing Yorick will also kill the Revenant. ", "tip_2": "Yorick's Ghouls can be smited.\n", "goes_well_with": ["Mordekaiser", "Vayne", "Cassiopeia", "Karthus", "Kog'Maw"], "strong_aginst": ["Teemo", "Darius", "Jayce", "Shen", "Rumble"], "weak_against": ["Cho'Gath", "Trundle", "Xin Zhao", "Riven", "Nunu"], "goes_even": ["Irelia", "Tryndamere", "Lee Sin", "Riven", "Renekton"]}