{"champ": "Zac", "tip_0": "Zac's goos can be crushed by stepping on them, denying him health regeneration.\n", "tip_1": "Zac's passive blobs can be smited. Kill them fast so that he won't be able to revive.\n", "tip_2": "Zac can be interrupted while casting his Elastic Slingshot.", "goes_well_with": ["Orianna", "Syndra", "Lulu", "Aatrox", "Malphite"], "strong_aginst": ["Malphite", "Jax", "Katarina", "Soraka", "Singed"], "weak_against": ["Vi", "Zilean", "Renekton", "Vladimir", "Fizz"], "goes_even": ["Hecarim", "Nasus", "Maokai", "Nunu", "Cho'Gath"]}