{"champ": "Zyra", "tip_0": "Zyra's seeds can be crushed by stepping on them. \n", "tip_1": "Zyra's plants need to take 3 hits from any source of damage. Minions will deal 1/2 damage.\n", "tip_2": "Step away from Zyra's ultimate - after a short delay, it will knock you up!", "goes_well_with": ["Ashe", "Amumu", "Miss Fortune", "Varus", "Malphite"], "strong_aginst": ["Mordekaiser", "Braum", "Thresh", "Leona", "Ryze"], "weak_against": ["Katarina", "Fizz", "Diana", "Akali", "Kassadin"], "goes_even": ["Lucian", "Akali", "Syndra", "Pantheon", "Akali"]}